{"width": 640, "height": 480, "ppx": 425.62908935546875, "ppy": 239.40203857421875, "fx": 429.3666076660156, "fy": 429.3666076660156, "model": "distortion.brown_conrady", "coeffs": [0.0, 0.0, 0.0, 0.0, 0.0]}